,state,Connected to All weather road,Internal Pucca Roads (Cc/ Brick Road),Public Transport,Public Distribution System(PDS),Piped tap water,Drainage facilities,Community waste disposal system,Community bio gas or recycle of waste for production use,Aanganwadi Centre,Children under 5 years who are wasted (weight-for-height)18 (%),classify
0,AP(0),979,1006,1135,1128,1182,922,586,146,1174,19.3,High
1,AP(0),1701,1738,1806,1693,1912,1526,1280,424,1768,14.8,Low
2,AP(0),960,938,998,932,1060,593,577,105,986,14.1,Low
3,AP(0),1336,1343,1553,1331,1681,1269,603,163,1629,14.3,Low
4,AP(0),968,911,1025,1016,868,973,557,97,1059,17.8,Low
5,AP(0),999,912,1020,1024,1075,873,657,172,1070,14.3,Low
6,AP(0),882,935,1011,1018,1050,930,411,72,1050,16.7,Low
7,AP(0),1122,1056,1218,1115,1257,902,508,125,1203,17.2,Low
8,AP(0),1052,1071,1207,1146,1163,1046,560,139,1222,8.7,Low
9,AP(0),1515,1568,1766,1609,1613,1609,518,166,1750,19.5,High
10,AP(0),1713,1885,2450,1543,2749,1689,568,196,2449,21.5,High
11,AP(0),1134,1222,1388,1216,1496,1463,599,140,1522,19.2,High
12,AP(0),973,921,990,940,1073,999,684,172,1048,11.7,Low
13,AR(1),130,62,83,162,231,109,2,0,249,16.3,Low
14,AR(1),44,32,1,36,130,11,1,1,33,18.1,Low
15,AR(1),61,41,34,88,213,121,4,9,123,15.8,Low
16,AR(1),103,72,100,86,111,100,10,2,112,8.6,Low
17,AR(1),37,25,22,151,289,90,10,2,83,15.1,Low
18,AR(1),35,13,28,23,91,12,36,2,76,12.7,Low
19,AR(1),108,34,148,147,204,72,19,4,148,7.6,Low
20,AR(1),192,188,107,146,361,293,2,1,174,11.5,Low
21,AR(1),180,154,205,190,423,239,11,6,320,9,Low
22,AR(1),145,85,102,32,230,196,99,2,124,7.1,Low
23,AR(1),66,29,35,48,93,66,14,1,87,13.8,Low
24,AR(1),45,29,10,78,88,56,7,0,84,12.5,Low
25,AR(1),112,102,62,223,326,204,2,0,350,12.2,Low
26,AR(1),148,142,144,72,288,226,46,2,196,23.2,High
27,AR(1),66,41,30,113,146,114,26,0,139,15.1,Low
28,AR(1),10,4,1,28,241,16,0,1,173,14.3,Low
29,AR(1),40,27,3,54,47,36,0,0,72,20.6,High
30,AR(1),57,15,7,98,115,85,8,0,87,9.4,Low
31,AR(1),1,1,0,5,7,4,0,0,3,18.7247392,Low
32,AR(1),142,80,147,33,59,101,34,1,169,12.4,Low
33,AR(1),48,25,23,98,105,77,2,0,102,12.1,Low
34,AR(1),119,62,83,90,212,104,17,1,87,18.7247392,Low
35,AR(1),51,30,54,60,106,30,32,0,100,18.7247392,Low
36,AR(1),44,16,24,24,59,38,0,0,59,18.7247392,Low
37,AR(1),53,49,15,50,80,71,13,0,78,18.7247392,Low
38,AR(1),17,20,15,47,71,66,14,0,44,18.7247392,Low
39,AS(2),319,311,498,387,146,85,24,17,737,19.5,High
40,AS(2),238,223,329,348,124,104,4,3,475,20.2,High
41,AS(2),504,328,846,579,576,577,47,35,832,30.7,High
42,AS(2),204,165,343,255,184,143,18,9,465,27,High
43,AS(2),894,544,1505,716,201,444,27,35,1563,18.3,Low
44,AS(2),226,215,451,250,151,66,10,7,750,21.5,High
45,AS(2),631,663,822,829,262,982,60,34,1124,20.6,High
46,AS(2),403,220,561,352,228,306,13,17,708,24.3,High
47,AS(2),427,305,598,543,398,272,8,1,814,19.2,High
48,AS(2),170,137,274,183,103,140,9,6,297,22.2,High
49,AS(2),261,245,321,373,310,410,24,13,534,15.5,Low
50,AS(2),524,531,772,486,521,361,60,57,899,14.8,Low
51,AS(2),549,653,1494,177,392,696,30,20,963,17.2,Low
52,AS(2),257,149,480,224,170,223,32,26,444,48,High
53,AS(2),555,327,730,443,173,232,31,12,899,20.5,High
54,AS(2),460,480,790,418,215,203,18,14,997,18.2,Low
55,AS(2),294,289,348,268,177,95,15,17,513,16.1,Low
56,AS(2),462,411,772,471,300,167,13,10,849,19.4,High
57,AS(2),239,242,352,260,228,123,20,25,431,15.4,Low
58,AS(2),129,85,299,17,120,37,3,0,135,23.6,High
59,AS(2),275,252,319,373,252,356,7,2,492,21.1,High
60,AS(2),347,271,565,451,314,375,41,33,755,13.1,Low
61,AS(2),549,386,841,562,179,795,60,44,971,21.5,High
62,AS(2),253,50,315,285,31,64,13,12,390,19.5,High
63,AS(2),389,287,462,326,130,161,19,16,609,17,Low
64,AS(2),318,212,376,303,163,304,18,16,690,21.3,High
65,AS(2),87,93,184,87,125,114,12,17,187,18.2,Low
66,AS(2),351,222,588,367,438,469,34,19,773,27.1,High
67,AS(2),96,79,87,72,45,68,5,8,165,14.1,Low
68,AS(2),44,49,93,76,10,25,2,2,153,18.2,Low
69,AS(2),103,137,171,153,93,141,3,1,279,23.5,High
70,AS(2),192,164,317,163,138,109,24,22,366,12.7,Low
71,AS(2),206,213,249,87,46,109,5,5,358,23.2,High
72,BH(3),517,600,612,478,457,301,24,17,660,23.9,High
73,BH(3),1374,1431,1566,716,1369,1553,54,52,1394,32.9,High
74,BH(3),983,1386,1292,554,1475,1398,87,80,1183,26.9,High
75,BH(3),702,836,789,518,636,571,45,29,736,21,High
76,BH(3),968,1094,1122,593,1148,1118,45,23,991,21.2,High
77,BH(3),814,789,931,604,764,921,50,35,963,31.3,High
78,BH(3),666,801,823,361,748,823,28,20,645,33.2,High
79,BH(3),788,1016,909,746,1059,652,8,6,1069,19.3,High
80,BH(3),1846,2353,2208,1108,2217,2257,86,64,2248,24.3,High
81,BH(3),1067,933,991,583,1375,1052,37,31,1217,21.5,High
82,BH(3),810,879,1143,574,1081,1058,38,35,955,19.4,High
83,BH(3),465,421,451,262,539,487,34,24,479,36.6,High
84,BH(3),956,993,1285,491,1063,1207,94,50,948,27.3,High
85,BH(3),892,1037,1125,625,667,600,70,47,1141,23.5,High
86,BH(3),200,252,198,210,190,144,33,40,278,25.3,High
87,BH(3),591,527,582,394,227,389,76,19,631,23.9,High
88,BH(3),316,374,354,202,377,340,25,18,355,25.6,High
89,BH(3),318,364,336,343,282,296,33,28,398,20.6,High
90,BH(3),822,834,944,757,887,526,38,31,1028,17.1,Low
91,BH(3),421,486,533,263,526,514,34,10,475,26.7,High
92,BH(3),1315,1405,1510,1099,1677,1024,91,72,1624,19.9,High
93,BH(3),894,797,935,538,998,838,44,26,959,27.8,High
94,BH(3),669,753,825,466,946,910,42,34,878,18.2,Low
95,BH(3),973,1038,1185,757,1211,935,49,60,1234,13.2,Low
96,BH(3),989,1149,890,716,1257,1099,47,50,1237,27.5,High
97,BH(3),1046,1245,1171,976,1379,1025,135,71,1319,16.8,Low
98,BH(3),745,888,1066,694,655,340,77,49,1065,25.8,High
99,BH(3),1326,1431,1588,624,1568,1568,180,149,1537,31.8,High
100,BH(3),276,340,326,295,273,156,10,5,419,20.5,High
101,BH(3),932,895,978,836,1115,808,38,54,1114,21.3,High
102,BH(3),1070,1057,1398,829,1568,1265,156,157,1439,28.8,High
103,BH(3),224,239,190,148,246,223,5,4,241,16.3,Low
104,BH(3),188,179,190,144,172,110,12,7,189,35.4,High
105,BH(3),622,660,790,606,813,636,56,45,781,16.2,Low
106,BH(3),1098,909,1098,865,1319,1028,114,98,1335,18.2,Low
107,BH(3),420,455,428,456,301,169,33,28,523,25.8,High
108,BH(3),1059,1062,1248,710,1408,1075,63,60,1282,19.6,High
109,BH(3),232,129,251,138,236,258,18,17,277,36.8,High
110,CH(4),465,438,473,379,501,402,80,36,591,20.4,High
111,CH(4),555,511,384,470,450,411,97,29,649,24,High
112,CH(4),145,113,120,136,111,82,21,12,202,19.4,High
113,CH(4),524,566,345,357,535,499,96,36,598,17.9,Low
114,CH(4),367,334,213,313,288,296,107,22,385,16.9,Low
115,CH(4),750,709,482,606,517,512,101,41,864,24.6,High
116,CH(4),590,578,545,471,246,419,114,25,747,17,Low
117,CH(4),618,670,439,590,663,410,155,47,1010,18.7247392,Low
118,CH(4),797,768,400,502,507,637,101,28,928,12,Low
119,CH(4),545,519,368,400,342,426,98,33,693,14.7,Low
120,CH(4),422,372,415,320,219,211,24,14,606,18.1,Low
121,CH(4),927,942,497,604,895,727,165,77,1056,14,Low
122,CH(4),1092,1118,658,753,931,741,214,84,1362,14.9,Low
123,CH(4),443,408,239,387,333,407,94,25,475,21.7,High
124,CH(4),1347,1301,809,820,1165,1004,364,53,1554,19.4,High
125,CH(4),508,524,475,485,347,386,92,58,567,17.5,Low
126,CH(4),82,132,98,123,87,28,18,8,402,20,High
127,CH(4),106,108,50,114,169,77,17,3,254,21.5,High
128,CH(4),132,115,128,120,108,55,10,3,249,21.2,High
129,CH(4),417,315,414,358,272,196,26,12,550,22.8,High
130,CH(4),815,810,405,607,506,520,499,66,929,19.4,High
131,CH(4),532,504,302,360,370,325,220,29,645,21.9,High
132,CH(4),597,580,367,444,506,506,233,39,670,15.1,Low
133,CH(4),585,576,452,381,374,426,85,24,636,17.7,Low
134,CH(4),441,402,339,415,266,319,82,18,539,19.3,High
135,CH(4),490,453,486,455,330,208,101,24,610,23,High
136,CH(4),626,585,332,397,473,497,84,18,672,16.4,Low
137,CH(4),173,155,164,169,93,122,29,8,222,18.7247392,Low
138,DD(5),27,28,28,19,28,28,15,0,27,25.2,High
139,DD(5),4,4,4,3,4,4,3,0,4,17.4,Low
140,DD(5),68,56,69,55,68,28,48,9,67,20.9,High
141,GO(6),208,198,204,132,208,191,74,13,187,17.7,Low
142,GO(6),168,153,164,100,171,170,43,6,148,21.4,High
143,GJ(7),431,452,474,404,480,414,380,217,476,17.5,Low
144,GJ(7),589,562,602,531,601,571,321,135,603,23.7,High
145,GJ(7),355,354,362,351,362,363,344,59,362,28.6,High
146,GJ(7),1156,1090,1199,1082,1229,1083,956,524,1241,25.5,High
147,GJ(7),651,645,654,496,657,651,569,320,658,24.5,High
148,GJ(7),658,625,680,633,682,667,597,346,677,29.6,High
149,GJ(7),304,308,308,112,307,181,89,13,309,18.7247392,Low
150,GJ(7),729,638,724,698,714,537,632,325,736,27.8,High
151,GJ(7),283,274,284,239,292,278,199,73,285,30.6,High
152,GJ(7),400,389,418,389,424,401,347,115,421,23.8,High
153,GJ(7),488,484,496,446,500,455,320,214,495,17.3,Low
154,GJ(7),883,747,923,639,937,770,621,342,863,20.2,High
155,GJ(7),528,470,562,513,563,546,496,333,561,30.9,High
156,GJ(7),647,655,658,584,660,648,595,245,652,28.2,High
157,GJ(7),517,518,522,303,545,464,429,328,536,23,High
158,GJ(7),366,331,369,304,384,379,258,115,385,29,High
159,GJ(7),607,538,614,492,606,512,431,262,634,35.7,High
160,GJ(7),521,510,527,491,527,518,465,313,527,20.9,High
161,GJ(7),139,137,151,127,148,105,103,40,150,21.8,High
162,GJ(7),575,562,594,487,593,579,349,139,594,17.6,Low
163,GJ(7),617,603,684,532,682,560,412,221,688,33.1,High
164,GJ(7),692,685,687,597,698,667,382,193,686,26,High
165,GJ(7),530,507,542,489,554,525,445,91,550,27.1,High
166,GJ(7),639,625,647,419,667,648,499,164,641,20.1,High
167,GJ(7),465,406,465,448,469,411,291,173,472,23.2,High
168,GJ(7),477,447,486,429,488,459,356,303,485,36.6,High
169,GJ(7),855,850,877,673,888,797,769,613,813,28.6,High
170,GJ(7),722,714,712,684,722,716,647,523,692,26.2,High
171,GJ(7),641,622,677,489,673,506,438,177,648,29,High
172,GJ(7),357,360,364,294,364,359,331,124,363,25.2,High
173,GJ(7),245,242,247,239,246,243,232,146,248,26.1,High
174,GJ(7),324,297,341,316,338,334,297,188,339,18.5,Low
175,GJ(7),188,190,191,183,191,189,184,91,189,26,High
176,HP(8),688,538,799,369,964,727,120,17,754,12,Low
177,HP(8),492,440,759,548,1092,808,194,55,868,15.4,Low
178,HP(8),1280,1089,1494,624,1642,1397,274,89,1125,14.9,Low
179,HP(8),2745,2355,3214,1552,3522,3046,246,71,2752,19.4,High
180,HP(8),121,84,168,80,235,190,65,14,149,11.3,Low
181,HP(8),340,262,401,337,446,426,126,13,378,16.1,Low
182,HP(8),116,146,205,71,251,199,134,19,117,16.3,Low
183,HP(8),1750,1290,2104,1052,2730,1819,678,167,2016,19.9,High
184,HP(8),1568,939,2088,665,2623,1683,537,142,1540,15.5,Low
185,HP(8),691,416,833,422,943,737,219,51,755,18.5,Low
186,HP(8),1629,1106,1849,522,2311,1681,199,60,1050,20.9,High
187,HP(8),665,612,686,444,786,657,93,52,616,13.1,Low
188,HR(9),419,437,373,203,461,441,135,53,468,10.9,Low
189,HR(9),352,363,338,293,366,367,83,14,366,6,Low
190,HR(9),102,100,68,49,110,102,27,17,113,8,Low
191,HR(9),286,286,256,176,313,305,81,52,312,16,Low
192,HR(9),165,182,163,97,195,183,42,14,175,15.7,Low
193,HR(9),292,282,306,214,311,304,60,26,314,16.4,Low
194,HR(9),252,269,241,206,270,260,56,16,270,8,Low
195,HR(9),307,288,308,283,311,309,69,55,311,8.8,Low
196,HR(9),302,303,261,206,319,295,63,40,314,20.7,High
197,HR(9),471,503,373,379,524,507,120,36,508,9.8,Low
198,HR(9),442,459,333,312,465,434,80,35,453,12.8,Low
199,HR(9),336,361,281,202,350,359,60,14,361,8.4,Low
200,HR(9),160,164,142,75,188,173,35,10,182,12,Low
201,HR(9),186,189,171,120,193,188,53,31,194,9.9,Low
202,HR(9),373,378,330,271,404,402,101,27,404,9.3,Low
203,HR(9),128,116,136,102,130,122,31,13,144,12.5,Low
204,HR(9),328,360,339,237,366,349,73,47,370,12.6,Low
205,HR(9),327,308,324,258,343,327,51,18,340,9.2,Low
206,HR(9),562,578,405,273,656,614,109,76,624,12.1,Low
207,HR(9),348,377,366,264,400,402,26,11,408,14.2,Low
208,HR(9),3,2,3,2,3,3,0,0,3,18.7247392,Low
209,HR(9),258,247,253,119,304,275,39,25,287,9.9,Low
210,HR(9),154,168,162,105,176,165,21,4,180,10.6,Low
211,JK(10),344,288,358,331,408,399,25,15,405,24.9,High
212,JK(10),415,356,444,396,493,472,34,31,487,18.9,High
213,JK(10),478,390,506,472,575,557,13,10,584,18.2,Low
214,JK(10),112,126,293,234,347,339,10,5,363,9.5,Low
215,JK(10),700,525,723,510,707,744,21,10,747,18,Low
216,JK(10),370,365,396,299,476,438,2,2,477,22.5,High
217,JK(10),392,299,431,386,464,451,11,9,489,25.1,High
218,JK(10),102,105,182,125,239,201,18,4,256,15.6,Low
219,JK(10),286,275,277,276,311,302,16,3,312,15.3,Low
220,JK(10),255,192,345,312,400,360,15,12,436,22.5,High
221,JK(10),19,15,24,19,24,16,0,0,26,18.6,Low
222,JK(10),239,216,341,202,371,211,5,3,370,19.8,High
223,JK(10),66,69,107,119,161,133,6,5,189,22.8,High
224,JK(10),46,46,116,90,138,71,1,0,155,15.6,Low
225,JK(10),247,235,242,237,266,272,6,3,273,11.3,Low
226,JK(10),105,126,139,15,153,153,11,5,151,14,Low
227,JK(10),238,201,253,118,318,300,2,0,298,20.4,High
228,JK(10),193,176,149,182,219,211,9,2,215,32.8,High
229,JK(10),132,132,157,154,171,153,13,6,169,25.9,High
230,JK(10),85,77,140,120,220,163,0,2,219,13,Low
231,JH(11),411,369,298,398,278,292,89,25,641,19.7,High
232,JH(11),526,784,710,435,240,493,28,26,775,17.2,Low
233,JH(11),966,1479,1383,458,660,1349,64,50,1172,17.7,Low
234,JH(11),667,699,486,478,438,511,73,63,867,14,Low
235,JH(11),1130,1758,1496,586,947,1534,230,121,1655,27.8,High
236,JH(11),810,1061,676,467,681,561,27,28,1107,30.5,High
237,JH(11),378,398,664,396,178,243,15,24,643,18.9,High
238,JH(11),1147,1581,1513,833,581,1147,91,96,1562,27.8,High
239,JH(11),807,1170,1038,500,501,829,149,59,1095,24.5,High
240,JH(11),507,587,616,393,395,280,35,17,844,20.1,High
241,JH(11),655,973,810,578,351,616,14,21,918,16.2,Low
242,JH(11),472,707,294,278,191,371,23,23,811,23,High
243,JH(11),273,362,402,184,201,340,46,42,433,18,Low
244,JH(11),407,506,540,328,265,322,17,21,625,19.2,High
245,JH(11),222,222,276,201,195,247,10,9,328,26.6,High
246,JH(11),332,486,588,180,283,562,53,24,769,23.6,High
247,JH(11),624,1114,1183,634,464,937,41,35,1154,18.4,Low
248,JH(11),799,922,818,715,709,616,37,26,1186,32.7,High
249,JH(11),463,552,663,237,411,440,21,25,807,19.7,High
250,JH(11),564,638,380,366,430,282,21,20,865,32.9,High
251,JH(11),166,204,343,197,128,69,13,11,424,21.1,High
252,JH(11),699,916,835,698,650,579,12,12,1417,29.4,High
253,JH(11),494,614,602,340,381,329,13,8,623,32.1,High
254,JH(11),201,249,175,203,185,187,38,12,305,23.5,High
255,KA(12),474,412,584,271,600,493,92,66,614,16.9,Low
256,KA(12),642,615,729,319,738,722,141,49,617,19.2,High
257,KA(12),978,900,1020,352,1177,1115,173,105,916,16.2,Low
258,KA(12),1016,802,1121,678,1161,1076,184,174,1206,23.6,High
259,KA(12),612,523,733,361,752,717,175,75,753,22.9,High
260,KA(12),507,442,585,254,595,559,58,43,619,22.1,High
261,KA(12),520,466,635,322,632,522,95,55,654,15,Low
262,KA(12),582,530,709,342,732,712,118,41,694,18,Low
263,KA(12),750,649,852,363,971,947,250,83,865,24.9,High
264,KA(12),1119,978,1314,469,1423,1302,168,99,1334,17.9,Low
265,KA(12),312,285,361,253,363,320,137,76,360,30.5,High
266,KA(12),570,517,599,318,693,681,80,58,687,18.8,High
267,KA(12),281,242,331,193,338,285,61,35,338,16.5,Low
268,KA(12),280,209,311,169,309,280,76,48,318,18.2,Low
269,KA(12),582,551,786,340,823,695,113,65,844,25,High
270,KA(12),1781,1624,2233,666,2353,2230,199,113,1877,15.2,Low
271,KA(12),603,484,654,312,683,628,60,48,700,17.7,Low
272,KA(12),363,406,526,218,544,537,147,44,456,21.7,High
273,KA(12),1312,1152,1463,462,1641,1544,162,105,1373,15.5,Low
274,KA(12),515,423,587,254,601,571,77,30,592,23.1,High
275,KA(12),1120,822,1317,600,1466,1405,298,161,1364,11.8,Low
276,KA(12),1129,950,1376,621,1422,1411,194,87,1354,15.6,Low
277,KA(12),610,510,761,300,789,719,146,58,799,23.2,High
278,KA(12),1078,750,1252,417,1478,1346,176,111,1321,23.2,High
279,KA(12),1878,1670,2166,760,2320,2204,326,179,2143,10.9,Low
280,KA(12),229,208,245,197,246,223,148,75,248,17.6,Low
281,KA(12),889,723,1021,309,1101,1054,90,44,1016,21.9,High
282,KA(12),1167,1199,1410,470,1564,1520,293,127,1369,16.1,Low
283,KA(12),746,711,809,390,832,831,173,92,783,20,High
284,KA(12),327,350,467,158,466,428,58,29,471,17.7,Low
285,KL(13),96,93,97,95,89,85,29,6,96,14.4,Low
286,KL(13),119,120,120,117,120,119,23,8,119,17.1,Low
287,KL(13),90,86,90,81,89,87,27,5,90,14.5,Low
288,KL(13),109,107,109,109,109,108,39,10,109,14,Low
289,KL(13),124,106,124,112,124,119,11,3,124,12.6,Low
290,KL(13),109,107,109,100,109,102,37,7,102,21.4,High
291,KL(13),117,119,122,108,121,118,16,6,114,8.4,Low
292,KL(13),99,98,100,99,99,98,21,5,100,14.1,Low
293,KL(13),121,119,122,121,122,122,50,10,122,18.2,Low
294,KL(13),151,147,151,149,151,150,46,7,150,21.7,High
295,KL(13),75,75,75,75,75,75,28,9,75,11.4,Low
296,KL(13),104,103,104,104,104,104,36,23,104,17.4,Low
297,KL(13),212,215,215,212,214,214,29,8,214,9.6,Low
298,KL(13),52,52,52,49,52,51,4,1,52,16.1,Low
299,LA(14),86,64,104,107,88,33,1,0,135,17.7,Low
300,LA(14),105,59,75,110,82,23,15,2,127,17.2,Low
301,MA(15),84,61,87,77,44,90,16,2,88,7.9,Low
302,MA(15),89,40,144,120,98,193,64,2,264,8.3,Low
303,MA(15),312,131,424,415,216,430,19,5,531,12.1,Low
304,MA(15),174,89,200,184,117,204,15,1,203,11.7,Low
305,MA(15),129,58,149,140,107,144,23,0,138,9.3,Low
306,MA(15),68,36,101,85,67,116,17,0,128,10.7,Low
307,MA(15),18,6,29,46,16,33,2,0,81,9.6,Low
308,MA(15),70,37,86,88,60,79,9,2,82,8.3,Low
309,MA(15),27,15,40,62,43,68,1,1,89,11.6,Low
310,MA(15),43,31,52,50,22,47,10,0,49,18.7247392,Low
311,MA(15),207,69,452,329,192,318,17,10,400,18.7247392,Low
312,MA(15),24,22,63,52,0,34,2,0,68,18.7247392,Low
313,MA(15),21,7,17,39,23,15,2,0,61,18.7247392,Low
314,MA(15),19,7,17,56,10,21,4,0,74,18.7247392,Low
315,MA(15),135,32,169,128,77,157,8,2,179,18.7247392,Low
316,MA(15),31,12,41,64,55,47,2,1,120,18.7247392,Low
317,MG(16),208,135,225,275,137,90,37,2,208,20.1,High
318,MG(16),454,363,594,483,627,539,148,13,636,11.2,Low
319,MG(16),192,162,206,150,127,155,25,5,212,9.7,Low
320,MG(16),262,238,340,219,357,238,117,9,347,17.9,Low
321,MG(16),152,88,216,144,137,105,40,6,227,18.3,Low
322,MG(16),273,307,558,254,207,246,25,18,583,14.9,Low
323,MG(16),228,109,308,281,236,162,84,1,381,8,Low
324,MG(16),259,178,324,284,150,406,2,2,289,11.7,Low
325,MG(16),70,53,72,80,58,66,25,2,96,8.5,Low
326,MG(16),126,108,140,150,142,70,50,5,161,10.4,Low
327,MG(16),262,211,371,161,136,113,14,4,305,19.9,High
328,MH(17),1094,816,1146,922,1361,1114,416,296,1533,24.9,High
329,MH(17),587,560,806,420,808,721,85,30,764,19.4,High
330,MH(17),997,971,1399,727,1555,1284,278,82,1416,26.2,High
331,MH(17),871,585,965,678,1110,897,253,133,1234,26.4,High
332,MH(17),900,813,1236,947,1196,1085,93,39,1331,28.4,High
333,MH(17),566,541,548,370,658,666,265,128,741,28.4,High
334,MH(17),799,704,1226,689,1136,1026,114,63,1187,31.7,High
335,MH(17),945,1043,1237,458,1257,1277,270,107,1437,38.5,High
336,MH(17),572,492,632,391,643,556,75,22,656,38.9,High
337,MH(17),747,761,761,633,857,1121,149,42,1400,30,High
338,MH(17),639,583,537,379,705,700,342,129,826,23.7,High
339,MH(17),343,263,618,443,545,549,66,41,645,25.8,High
340,MH(17),927,912,1384,760,1448,1253,256,93,1455,30.5,High
341,MH(17),685,565,891,634,867,820,108,64,913,22.2,High
342,MH(17),919,699,1028,701,1174,1090,410,300,1187,18.9,High
343,MH(17),635,617,866,593,867,771,100,59,917,18,Low
344,MH(17),1184,1161,1299,698,1586,1387,302,122,1436,34,High
345,MH(17),969,886,1408,863,1262,1226,168,106,1481,19,High
346,MH(17),595,464,848,565,722,580,74,33,892,30.7,High
347,MH(17),1340,1133,1718,1203,1816,1507,625,231,1895,27.2,High
348,MH(17),468,399,651,460,656,553,90,65,718,16.1,Low
349,MH(17),399,393,751,425,728,660,40,26,803,22.8,High
350,MH(17),1229,1113,1370,1013,1705,1404,475,263,1780,31.4,High
351,MH(17),1304,1055,1669,591,1710,1241,497,185,1733,19.1,High
352,MH(17),1145,836,1470,623,1415,916,177,118,1452,23.7,High
353,MH(17),556,428,630,433,653,625,253,151,703,18.6,Low
354,MH(17),1288,774,1400,822,1615,1434,567,321,1650,20.5,High
355,MH(17),614,546,719,276,664,447,148,109,722,27.7,High
356,MH(17),759,747,1001,618,1108,898,188,113,1110,23.2,High
357,MH(17),485,442,666,262,621,421,167,57,767,17.8,Low
358,MH(17),703,753,825,405,867,739,201,66,845,28.1,High
359,MH(17),361,301,665,287,545,466,42,23,649,31.7,High
360,MH(17),1213,1154,1780,924,1728,1543,191,80,1747,27.5,High
361,MH(17),691,481,815,545,669,518,173,62,869,23.9,High
362,MZ(18),63,56,54,63,53,55,57,2,71,7.3,Low
363,MZ(18),52,47,44,59,43,45,42,1,62,12.1,Low
364,MZ(18),52,56,53,51,55,47,40,2,56,11.3,Low
365,MZ(18),87,63,54,86,75,54,41,4,155,16.2,Low
366,MZ(18),89,82,62,106,86,104,61,3,128,9.5,Low
367,MZ(18),72,65,63,81,69,67,47,0,95,7.4,Low
368,MZ(18),53,64,65,87,43,69,77,1,90,7.7,Low
369,MZ(18),48,52,35,53,31,48,43,0,55,8.4,Low
370,MZ(18),27,31,17,30,26,26,19,0,31,18.7247392,Low
371,MZ(18),36,40,28,39,35,38,31,1,44,18.7247392,Low
372,MZ(18),31,36,14,36,32,31,32,0,38,18.7247392,Low
373,MP(19),418,476,400,336,257,180,25,18,537,18.4,Low
374,MP(19),704,738,576,185,432,667,98,44,692,19.7,High
375,MP(19),1007,1112,783,560,786,913,407,103,1182,20.5,High
376,MP(19),463,492,446,334,418,389,57,35,645,18.9,High
377,MP(19),1106,1217,770,560,1018,889,92,79,1254,21.7,High
378,MP(19),758,771,515,357,308,745,71,55,813,12.4,Low
379,MP(19),432,460,268,162,319,420,78,38,426,20.6,High
380,MP(19),222,223,204,148,225,218,124,45,252,27.9,High
381,MP(19),875,1004,788,470,571,843,147,47,984,17.5,Low
382,MP(19),1489,1653,1106,640,1439,1301,260,108,1761,18.1,Low
383,MP(19),907,1024,940,414,833,855,193,79,1008,16.2,Low
384,MP(19),538,572,469,226,358,534,153,55,557,16.4,Low
385,MP(19),836,939,464,390,583,916,117,65,919,20.4,High
386,MP(19),1094,1307,815,660,923,1167,186,113,1380,29.5,High
387,MP(19),656,776,724,356,356,380,30,16,854,15.8,Low
388,MP(19),570,636,495,366,550,591,83,47,684,20.7,High
389,MP(19),895,1063,715,389,673,917,80,43,1025,10.1,Low
390,MP(19),445,488,323,230,271,463,113,52,447,12.4,Low
391,MP(19),375,431,247,215,313,404,87,32,404,28,High
392,MP(19),742,838,579,321,615,774,201,77,820,19.5,High
393,MP(19),534,542,253,187,370,527,115,60,552,21.2,High
394,MP(19),1089,1201,777,507,1015,1053,193,63,1141,26.4,High
395,MP(19),560,620,521,345,300,405,51,23,751,17.9,Low
396,MP(19),709,781,634,410,592,667,183,46,803,21.8,High
397,MP(19),903,1013,712,444,956,940,285,135,1021,27.4,High
398,MP(19),954,1110,974,534,774,696,133,54,1158,15.9,Low
399,MP(19),806,820,535,355,686,795,157,83,851,13.1,Low
400,MP(19),628,646,525,319,288,610,69,34,733,10.1,Low
401,MP(19),807,911,541,351,800,817,195,48,778,19.6,High
402,MP(19),581,603,367,238,483,593,188,51,561,13.1,Low
403,MP(19),721,862,751,414,657,726,86,42,837,23.2,High
404,MP(19),1120,1237,603,449,958,1090,244,73,1192,21.1,High
405,MP(19),1308,1464,715,487,578,1327,152,59,1406,22.4,High
406,MP(19),807,898,687,359,533,704,98,40,972,16.2,Low
407,MP(19),1466,1758,1559,920,1181,1286,144,68,1753,18.7,Low
408,MP(19),1455,1613,1174,784,1281,1212,92,60,1527,15.2,Low
409,MP(19),1320,1450,1440,754,812,1172,142,75,1367,16.8,Low
410,MP(19),891,944,440,295,546,850,171,77,899,20.3,High
411,MP(19),1308,1486,1046,453,1207,1207,123,85,1473,21.1,High
412,MP(19),584,662,569,397,341,405,45,25,745,20.4,High
413,MP(19),503,555,270,286,266,540,80,49,544,23.4,High
414,MP(19),412,464,316,257,287,423,89,28,500,16.2,Low
415,MP(19),1033,1024,825,593,541,901,98,38,1114,18.4,Low
416,MP(19),679,740,767,460,452,418,73,36,862,16.6,Low
417,MP(19),511,556,524,250,468,526,25,16,591,19.7,High
418,MP(19),942,1018,513,421,520,958,158,59,1035,29.8,High
419,MP(19),432,506,466,253,355,268,44,14,517,15.5,Low
420,MP(19),1356,1483,853,499,1075,1364,235,62,1370,16.6,Low
421,MP(19),506,550,552,389,256,257,41,23,659,25.2,High
422,MP(19),396,399,362,282,231,263,68,51,503,15.4,Low
423,MP(19),415,473,216,212,240,460,79,30,459,18.7,Low
424,MP(19),238,193,233,86,162,216,6,1,233,18.7247392,Low
425,NL(20),130,51,151,128,85,169,84,7,191,25,High
426,NL(20),62,29,46,65,41,85,43,2,90,26.9,High
427,NL(20),59,56,31,69,64,82,67,3,84,11.7,Low
428,NL(20),29,21,60,77,73,101,25,1,109,7.8,Low
429,NL(20),38,22,36,67,82,82,38,1,94,12.9,Low
430,NL(20),64,8,31,80,90,101,38,0,109,24.6,High
431,NL(20),31,30,50,72,38,78,40,2,108,23.5,High
432,NL(20),55,17,32,85,106,95,46,2,159,26.8,High
433,NL(20),27,9,42,38,44,34,16,0,80,9.1,Low
434,NL(20),25,20,35,46,64,77,44,1,71,11,Low
435,NL(20),41,31,15,39,10,41,17,0,36,19.8,High
436,OD(21),1123,804,1288,801,785,785,101,22,1090,25.1,High
437,OD(21),1232,933,1188,873,932,804,121,56,1649,25.5,High
438,OD(21),1475,1128,1746,965,1470,1399,166,65,1904,15,Low
439,OD(21),830,750,665,557,689,670,43,35,1110,18,Low
440,OD(21),711,626,978,709,611,823,95,67,1083,15.8,Low
441,OD(21),841,723,982,449,821,845,661,289,820,20.1,High
442,OD(21),1382,1090,1510,1247,1402,1054,189,96,1703,14.2,Low
443,OD(21),535,348,463,154,334,269,77,22,541,27.3,High
444,OD(21),682,562,837,603,691,559,73,23,907,22.7,High
445,OD(21),1175,965,1217,949,749,598,101,53,1359,15.9,Low
446,OD(21),1175,965,1217,949,749,598,101,53,1359,18.7247392,Low
447,OD(21),1175,965,1217,949,749,598,101,53,1359,18.7247392,Low
448,OD(21),1175,965,1217,949,749,598,101,53,1359,18.7247392,Low
449,OD(21),292,245,174,134,220,198,67,9,331,16.9,Low
450,OD(21),1205,1107,1321,853,745,981,125,77,1523,17.2,Low
451,OD(21),1116,801,1675,613,842,655,186,43,1479,23.3,High
452,OD(21),1032,900,1175,820,821,420,110,56,1271,7.9,Low
453,OD(21),1407,811,1457,741,876,982,64,47,1820,23.8,High
454,OD(21),1055,873,1178,735,1064,599,156,77,1194,13.2,Low
455,OD(21),1295,932,1498,999,1227,1425,115,73,1475,15.9,Low
456,OD(21),522,325,580,410,485,372,41,35,677,19.3,High
457,OD(21),2598,1396,2838,1279,1376,2254,343,110,3222,28.5,High
458,OD(21),628,405,761,403,572,725,58,29,803,25.2,High
459,OD(21),917,785,1020,462,834,694,46,44,1016,10.5,Low
460,OD(21),452,315,374,240,329,312,38,21,591,18.1,Low
461,OD(21),1219,1019,1310,781,909,428,139,54,1391,8.9,Low
462,OD(21),1124,1274,1543,694,1235,989,106,77,1466,16.1,Low
463,OD(21),736,534,764,329,497,410,64,69,960,25.5,High
464,OD(21),650,347,600,146,495,207,52,55,763,26,High
465,OD(21),901,679,1210,732,831,731,115,71,1504,21.1,High
466,PJ(22),847,613,841,505,881,868,194,102,786,11.9,Low
467,PJ(22),278,192,311,161,303,306,43,45,310,15.4,Low
468,PJ(22),171,152,241,93,225,196,30,10,220,10.3,Low
469,PJ(22),373,303,326,208,432,382,75,24,423,7.1,Low
470,PJ(22),646,451,619,338,711,670,112,108,602,12.9,Low
471,PJ(22),1136,878,1250,566,1233,1275,307,261,1231,9.5,Low
472,PJ(22),1397,1007,1307,440,1543,1472,291,37,1403,11.5,Low
473,PJ(22),776,546,738,377,913,812,189,59,844,10.3,Low
474,PJ(22),398,298,496,137,627,325,112,107,456,12.8,Low
475,PJ(22),688,634,910,507,978,921,305,255,964,5.9,Low
476,PJ(22),220,199,236,181,245,243,15,21,244,12.1,Low
477,PJ(22),341,225,323,239,323,329,8,11,325,12,Low
478,PJ(22),246,221,253,143,256,232,24,28,250,13.6,Low
479,PJ(22),480,302,424,213,500,475,283,48,461,12,Low
480,PJ(22),1029,693,907,704,1069,1002,62,48,998,9.9,Low
481,PJ(22),528,460,510,161,671,621,32,42,622,9.1,Low
482,PJ(22),511,372,581,340,585,518,184,148,573,10.4,Low
483,PJ(22),278,236,306,112,367,332,7,10,330,10.7,Low
484,PJ(22),311,330,504,101,461,360,76,92,472,11.3,Low
485,PJ(22),432,388,418,303,463,439,116,70,446,9.5,Low
486,PJ(22),367,282,411,160,462,466,51,6,391,10.3,Low
487,RJ(23),907,911,642,480,834,990,155,76,994,20,High
488,RJ(23),1603,1634,975,803,1428,1760,245,126,1829,15.6,Low
489,RJ(23),798,1056,1245,359,613,938,79,59,1361,17.3,Low
490,RJ(23),811,1024,632,292,685,1043,62,30,1023,21.3,High
491,RJ(23),1487,1076,2290,686,1187,1051,158,96,2329,11.5,Low
492,RJ(23),1112,1281,911,527,1047,1329,119,82,1284,12.2,Low
493,RJ(23),1332,1675,992,406,1515,1667,146,65,1574,17.4,Low
494,RJ(23),557,701,859,276,855,648,71,44,724,25.6,High
495,RJ(23),664,764,370,239,460,801,26,22,799,19.6,High
496,RJ(23),1191,1254,783,427,1219,1428,148,71,1331,14.6,Low
497,RJ(23),699,664,792,456,818,716,113,69,824,16.5,Low
498,RJ(23),733,1004,471,362,733,1001,114,50,902,20.7,High
499,RJ(23),559,752,561,334,490,757,127,30,727,13.7,Low
500,RJ(23),767,871,927,382,375,598,81,56,941,15.6,Low
501,RJ(23),1752,1727,1761,432,2298,1316,162,93,1396,24.9,High
502,RJ(23),844,839,1091,342,1354,900,132,68,712,19.8,High
503,RJ(23),1701,1737,1261,800,1777,1822,305,145,1893,14.6,Low
504,RJ(23),352,358,577,176,363,458,70,27,496,25,High
505,RJ(23),624,632,599,400,563,583,120,51,738,12.1,Low
506,RJ(23),1039,1255,737,285,1214,1285,115,65,1139,29,High
507,RJ(23),838,788,755,528,915,776,146,46,900,13.9,Low
508,RJ(23),967,1026,1340,592,1409,1005,152,86,1406,13.3,Low
509,RJ(23),610,695,569,247,578,673,89,53,756,26.6,High
510,RJ(23),639,766,343,151,652,785,85,50,705,20.8,High
511,RJ(23),1297,1149,1239,832,1282,1304,190,88,1437,16.2,Low
512,RJ(23),768,884,782,459,808,940,161,62,941,18.3,Low
513,RJ(23),815,989,681,336,884,944,130,51,855,16.6,Low
514,RJ(23),609,614,510,337,380,658,55,43,671,22,High
515,RJ(23),895,946,902,509,1072,966,131,76,1037,21.8,High
516,RJ(23),401,375,439,241,370,394,79,18,432,16.4,Low
517,RJ(23),782,959,550,271,999,1024,79,52,971,18.1,Low
518,RJ(23),1602,1962,1775,675,1228,1718,301,238,2243,8.6,Low
519,RJ(23),695,723,740,183,550,805,62,39,851,24.9,High
520,RJ(23),79,83,101,82,107,88,32,0,107,18.7247392,Low
521,RJ(23),35,39,47,35,53,50,11,5,51,18.7247392,Low
522,RJ(23),111,115,120,84,138,117,37,2,137,18.7247392,Low
523,RJ(23),89,76,100,84,114,93,31,3,113,18.7247392,Low
524,TN(24),220,200,234,224,241,222,140,50,238,7,Low
525,TN(24),677,656,764,768,837,397,324,73,795,13.9,Low
526,TN(24),437,394,448,408,495,355,247,108,434,16.9,Low
527,TN(24),334,312,353,344,372,341,262,106,358,21.1,High
528,TN(24),294,234,282,292,304,290,172,48,302,20.9,High
529,TN(24),337,352,373,363,448,309,225,120,386,15.7,Low
530,TN(24),117,119,125,127,128,117,59,26,125,11.4,Low
531,TN(24),164,171,162,169,175,130,123,39,173,18.4,Low
532,TN(24),540,469,635,532,686,552,235,97,602,10.4,Low
533,TN(24),524,510,568,515,608,561,435,119,549,9.5,Low
534,TN(24),421,435,449,478,497,206,260,61,486,12.5,Low
535,TN(24),374,335,352,362,408,356,287,79,374,10.3,Low
536,TN(24),142,132,148,150,162,150,80,29,157,15.9,Low
537,TN(24),679,539,690,643,815,273,391,92,686,9.5,Low
538,TN(24),418,346,475,428,461,195,279,74,479,17.7,Low
539,TN(24),494,473,524,521,580,448,338,88,542,10.1,Low
540,TN(24),562,497,683,578,694,343,415,111,655,22.8,High
541,TN(24),758,605,762,714,774,328,423,115,768,8.3,Low
542,TN(24),45,47,48,42,49,47,23,5,44,17.3,Low
543,TN(24),134,123,144,140,149,148,110,35,143,15.5,Low
544,TN(24),581,593,581,609,728,357,370,81,668,17,Low
545,TN(24),433,423,476,493,546,203,243,62,522,18.4,Low
546,TN(24),427,393,455,453,489,339,242,69,480,20.9,High
547,TN(24),231,201,249,237,266,225,176,37,246,12,Low
548,TN(24),907,871,955,1045,1132,661,537,114,1072,14.8,Low
549,TN(24),406,345,431,436,462,389,325,47,446,18.4,Low
550,TN(24),279,252,318,314,351,247,145,60,330,13.1,Low
551,TN(24),782,540,832,820,903,345,476,160,845,12.4,Low
552,TN(24),533,468,583,488,650,513,336,72,552,14.4,Low
553,TN(24),217,167,234,242,249,173,143,51,244,15.1,Low
554,TN(24),275,277,289,298,304,253,217,39,299,15.3,Low
555,TN(24),409,338,530,511,571,408,269,103,553,18.7247392,Low
556,TN(24),526,433,524,522,625,296,225,61,557,18.7247392,Low
557,TN(24),264,248,281,295,327,221,159,45,310,18.7247392,Low
558,TN(24),178,142,237,218,259,173,145,44,239,18.7247392,Low
559,TN(24),229,203,248,240,252,238,176,53,249,18.7247392,Low
560,TP(25),153,147,204,162,180,161,6,3,220,15.9,Low
561,TP(25),129,126,149,100,137,142,13,3,179,30,High
562,TP(25),186,200,246,199,243,219,20,6,239,15.3,Low
563,TP(25),178,159,182,163,189,175,16,6,195,11.7,Low
564,TP(25),127,118,138,128,139,132,5,0,148,16.6,Low
565,TP(25),203,182,210,186,214,205,20,3,213,14.9,Low
566,TP(25),165,174,209,161,221,188,13,3,218,27.6,High
567,TP(25),127,109,135,100,110,119,6,0,132,19.3,High
568,TS(26),493,503,545,334,564,537,444,71,542,29.5,High
569,TS(26),309,295,303,279,318,312,258,61,310,13.9,Low
570,TS(26),585,549,608,504,629,599,489,198,621,24.7,High
571,TS(26),385,403,414,348,464,406,301,30,448,17.8,Low
572,TS(26),486,437,525,443,539,529,390,87,542,21.3,High
573,TS(26),848,844,917,779,950,899,522,84,938,29.8,High
574,TS(26),548,530,549,434,563,551,471,105,544,26.2,High
575,TS(26),642,649,664,546,704,673,563,102,658,13.9,Low
576,TS(26),372,359,369,317,407,354,263,103,399,19,High
577,TS(26),472,452,510,366,524,516,416,144,498,18.1,Low
578,TS(26),371,346,381,316,393,383,295,58,383,17.5,Low
579,TS(26),279,279,282,260,291,282,258,69,281,28.8,High
580,TS(26),257,239,248,227,267,241,220,46,259,19.4,High
581,TS(26),376,382,420,339,454,413,346,45,411,22.1,High
582,TS(26),588,525,606,479,655,632,415,96,644,34.5,High
583,TS(26),128,123,129,113,133,129,109,36,130,29.5,High
584,TS(26),265,258,266,237,292,276,118,18,284,31.8,High
585,TS(26),460,446,494,392,521,428,355,137,503,19.3,High
586,TS(26),272,244,271,235,290,264,172,27,290,22.9,High
587,TS(26),609,540,662,508,683,611,360,142,658,21.8,High
588,TS(26),671,612,701,619,756,749,514,72,754,25,High
589,TS(26),483,466,488,446,514,492,341,38,502,19.3,High
590,TS(26),248,237,257,230,296,271,183,25,287,15.1,Low
591,TS(26),467,468,522,435,543,487,336,72,544,27.3,High
592,TS(26),236,232,249,233,268,239,204,26,256,17.3,Low
593,TS(26),465,466,477,408,492,477,387,68,488,24.9,High
594,TS(26),403,374,385,359,428,409,228,18,421,10.3,Low
595,TS(26),663,667,744,637,789,751,609,109,778,20,High
596,TS(26),442,461,550,326,565,478,339,69,517,35.7,High
597,TS(26),95,88,95,75,96,92,75,21,93,12,Low
598,TS(26),276,256,278,220,288,263,220,50,264,18.7247392,Low
599,TS(26),281,273,314,235,344,305,197,17,325,18.7247392,Low
600,UK(27),1181,1448,1656,860,2136,1621,187,75,1419,17,Low
601,UK(27),404,531,632,347,820,657,71,16,516,7.7,Low
602,UK(27),424,714,752,560,1029,955,324,39,767,16.2,Low
603,UK(27),300,445,459,323,618,490,67,9,470,12.4,Low
604,UK(27),446,414,473,328,623,521,57,18,509,10.1,Low
605,UK(27),433,481,298,306,462,488,207,86,424,16.4,Low
606,UK(27),769,773,774,375,978,620,51,39,729,14,Low
607,UK(27),1430,2492,2329,760,3058,2374,285,122,1445,12,Low
608,UK(27),494,986,924,574,1495,1213,269,23,863,12.4,Low
609,UK(27),335,500,449,314,616,400,94,15,421,8,Low
610,UK(27),1011,1309,1349,749,1720,1414,239,28,1342,12.8,Low
611,UK(27),482,482,328,300,429,559,33,34,528,12.4,Low
612,UK(27),358,472,419,411,625,572,37,11,593,10.6,Low
613,UP(28),815,770,427,672,633,866,148,23,815,16.4,Low
614,UP(28),893,999,623,772,584,1048,122,44,1007,10.9,Low
615,UP(28),1903,2244,1469,1613,1288,2318,553,137,1716,15.1,Low
616,UP(28),1392,1427,693,1048,712,1487,235,19,911,17.8,Low
617,UP(28),691,739,402,466,465,745,76,25,598,19.4,High
618,UP(28),3039,3199,2489,2188,1050,3308,492,77,1496,14.4,Low
619,UP(28),265,255,202,240,144,282,25,10,257,10.3,Low
620,UP(28),1097,1105,644,1018,696,1183,225,39,1106,14.4,Low
621,UP(28),1339,1508,935,1031,732,1541,202,35,891,21.9,High
622,UP(28),836,912,484,791,316,948,186,20,799,24.9,High
623,UP(28),588,621,551,468,340,611,75,7,506,25.7,High
624,UP(28),1585,1594,610,1300,883,1716,208,26,1378,18.1,Low
625,UP(28),1535,1620,1178,1214,1060,1745,251,59,1359,15.4,Low
626,UP(28),2408,2407,1244,1423,1315,2505,415,65,1390,24.2,High
627,UP(28),1944,2140,1569,1302,1527,2329,444,92,1559,9.4,Low
628,UP(28),1290,1391,1085,1037,599,1469,206,33,1087,18.2,Low
629,UP(28),1061,1029,843,996,389,1159,146,20,1095,13.8,Low
630,UP(28),1212,1242,774,725,428,1250,147,27,845,17.4,Low
631,UP(28),453,503,415,355,378,516,102,11,396,24.8,High
632,UP(28),1690,1842,1053,1360,685,1784,171,31,1313,26.5,High
633,UP(28),747,816,544,608,410,833,77,8,622,15,Low
634,UP(28),540,600,383,331,455,630,94,20,542,13.9,Low
635,UP(28),1034,1016,588,887,365,1113,207,24,849,12.4,Low
636,UP(28),776,734,618,676,265,835,103,51,712,14.3,Low
637,UP(28),1140,1134,729,840,653,1297,165,37,1095,17.8,Low
638,UP(28),705,727,478,511,567,762,149,27,599,9.5,Low
639,UP(28),102,95,65,90,41,99,63,6,96,12,Low
640,UP(28),183,182,131,174,73,189,106,5,162,17.1,Low
641,UP(28),2114,2196,1595,1357,976,2468,498,156,1074,25.7,High
642,UP(28),1472,1740,709,1294,1207,1668,77,28,1249,12.1,Low
643,UP(28),2382,2582,1878,1549,1283,2569,478,55,1406,23.3,High
644,UP(28),459,466,462,384,445,462,80,1,434,20.6,High
645,UP(28),1630,1582,1152,1433,482,1854,589,40,1597,22.3,High
646,UP(28),845,919,570,583,489,950,171,26,764,19.5,High
647,UP(28),2272,2507,1605,1791,1326,2600,185,46,1471,14.8,Low
648,UP(28),609,642,586,440,401,698,110,15,579,25.2,High
649,UP(28),866,782,589,635,448,935,201,30,745,22.5,High
650,UP(28),605,610,329,446,408,640,141,31,597,21.5,High
651,UP(28),812,823,398,592,349,855,104,19,787,12.5,Low
652,UP(28),810,851,557,642,365,904,156,32,775,21.4,High
653,UP(28),675,614,358,507,278,678,340,60,568,18.3,Low
654,UP(28),1309,1427,744,1155,769,1481,155,27,1251,15.8,Low
655,UP(28),1078,1211,732,999,651,1188,78,21,1008,24.3,High
656,UP(28),569,642,545,413,226,614,229,19,574,18.7,Low
657,UP(28),746,700,387,646,332,763,55,27,688,11.5,Low
658,UP(28),522,522,322,452,399,588,95,35,541,12,Low
659,UP(28),1036,1153,706,893,663,1145,202,47,891,21.8,High
660,UP(28),402,391,371,333,165,422,171,13,385,25,High
661,UP(28),724,758,391,526,366,776,156,37,689,14.6,Low
662,UP(28),672,686,440,563,631,748,186,28,625,11,Low
663,UP(28),1132,1393,935,731,422,1427,178,28,828,21.2,High
664,UP(28),577,532,448,506,265,569,253,35,531,10.2,Low
665,UP(28),1467,1512,1039,1044,438,1498,159,46,1034,12.5,Low
666,UP(28),939,1007,697,712,606,1038,144,34,859,19.1,High
667,UP(28),549,561,506,473,390,561,156,39,517,20.7,High
668,UP(28),1072,1200,719,639,633,1229,152,31,856,20.1,High
669,UP(28),1589,1749,1181,1298,965,1938,159,39,1237,10.1,Low
670,UP(28),1187,1267,636,1043,824,1434,183,24,1169,13,Low
671,UP(28),1006,1018,833,805,332,1088,185,59,931,17.6,Low
672,UP(28),1192,1222,718,946,680,1271,192,26,1056,22,High
673,UP(28),1159,1380,720,759,650,1356,163,24,755,19,High
674,UP(28),883,961,490,622,280,899,36,13,560,9.1,Low
675,UP(28),1709,1607,983,1194,865,1915,92,14,1459,17,Low
676,UP(28),440,458,279,379,317,473,100,32,439,18.7247392,Low
677,UP(28),1726,2063,1123,1200,858,2063,164,22,1281,24.8,High
678,UP(28),1977,2047,974,1602,929,2096,195,25,1677,18.2,Low
679,UP(28),1140,1172,917,689,342,1003,51,9,861,26.8,High
680,UP(28),1309,1451,846,1083,759,1482,97,71,1030,10.7,Low
681,UP(28),1466,1461,805,1029,952,1548,202,56,1269,12.1,Low
682,UP(28),1012,1026,646,790,377,932,205,37,826,21,High
683,UP(28),570,590,457,426,401,587,102,25,541,18.7247392,Low
684,UP(28),793,861,491,660,419,886,142,20,765,19.9,High
685,UP(28),796,962,660,611,641,975,149,17,702,14.1,Low
686,UP(28),291,296,236,246,158,308,150,16,263,24.3,High
687,UP(28),300,300,288,289,104,318,53,14,297,18.5,Low
688,WB(29),1295,1285,1530,758,969,1461,83,33,1531,13.3,Low
689,WB(29),1713,1714,2042,1194,1231,1831,112,55,2031,21.2,High
690,WB(29),2536,2550,2431,1108,2565,2468,108,125,3108,26,High
691,WB(29),1676,1604,2041,1096,1412,2089,180,108,2064,21.1,High
692,WB(29),1863,1751,1936,742,848,2089,102,53,2048,25.5,High
693,WB(29),724,660,1001,388,645,629,78,35,1064,16.8,Low
694,WB(29),290,245,238,112,197,309,8,3,312,20.6,High
695,WB(29),929,975,1292,275,584,1175,32,25,1365,22.8,High
696,WB(29),974,1074,1195,574,421,656,57,60,1379,16,Low
697,WB(29),1562,1527,1777,973,1181,1765,92,43,1838,20,High
698,WB(29),651,681,763,422,491,669,19,17,783,21.3,High
699,WB(29),341,349,392,288,277,406,15,11,425,18.3,Low
700,WB(29),897,990,1303,590,1129,926,102,71,1509,20,High
701,WB(29),1943,2384,2735,1071,2067,2347,85,53,2566,15.5,Low
702,WB(29),2874,3000,3496,1040,3878,3914,153,88,3774,30.3,High
703,WB(29),1522,1602,1681,1060,1038,1483,98,57,1870,16.3,Low
704,WB(29),1094,952,1252,652,976,766,70,47,1231,17.6,Low
705,WB(29),1842,1563,1487,1213,849,973,125,88,2286,29.4,High
706,WB(29),270,234,289,204,199,264,15,5,346,18.7247392,Low
707,WB(29),1471,1375,1262,350,1491,975,10,14,1769,18.7247392,Low
708,WB(29),360,335,301,203,300,375,56,12,373,25.5,High
